{"cameraMode":{"drawMode":0,"name":"Shaded","section":"Shading Mode"},"sceneLighting":false,"audioPlay":false,"sceneViewState":{"showFog":true,"showMaterialUpdate":false,"showSkybox":false,"showFlares":true,"showImageEffects":true,"showParticleSystems":true},"in2DMode":false,"pivot":{"x":0.0,"y":0.19930821657180787,"z":-0.005455642938613892},"rotation":{"x":-0.07727145403623581,"y":0.920783281326294,"z":-0.23738129436969758,"w":-0.299730122089386},"size":1.343892216682434,"orthographic":false}